<?xml version="1.0" encoding="UTF-8" standalone="no"?>
<Context docBase="C:\Users\2dawa\Documents\GitHub\ProyectoAliDB\SerafinAlejandroMiAli">
  <Resources cacheMaxSize="10240">
    <PreResources base="C:/Users/2dawa/Documents/GitHub/ProyectoAliDB/SerafinAlejandroMiAli/target/classes" className="org.apache.catalina.webresources.DirResourceSet" webAppMount="/WEB-INF/classes"/>
    <PostResources base="C:/Users/2dawa/.m2/repository/org/springframework/boot/spring-boot-starter-data-jpa/3.2.2/spring-boot-starter-data-jpa-3.2.2.jar" className="org.apache.catalina.webresources.FileResourceSet" webAppMount="/WEB-INF/lib/spring-boot-starter-data-jpa-3.2.2.jar"/>
    <PostResources base="C:/Users/2dawa/.m2/repository/org/springframework/boot/spring-boot-starter-aop/3.2.2/spring-boot-starter-aop-3.2.2.jar" className="org.apache.catalina.webresources.FileResourceSet" webAppMount="/WEB-INF/lib/spring-boot-starter-aop-3.2.2.jar"/>
    <PostResources base="C:/Users/2dawa/.m2/repository/org/springframework/spring-aop/6.1.3/spring-aop-6.1.3.jar" className="org.apache.catalina.webresources.FileResourceSet" webAppMount="/WEB-INF/lib/spring-aop-6.1.3.jar"/>
    <PostResources base="C:/Users/2dawa/.m2/repository/org/aspectj/aspectjweaver/1.9.21/aspectjweaver-1.9.21.jar" className="org.apache.catalina.webresources.FileResourceSet" webAppMount="/WEB-INF/lib/aspectjweaver-1.9.21.jar"/>
    <PostResources base="C:/Users/2dawa/.m2/repository/org/springframework/boot/spring-boot-starter-jdbc/3.2.2/spring-boot-starter-jdbc-3.2.2.jar" className="org.apache.catalina.webresources.FileResourceSet" webAppMount="/WEB-INF/lib/spring-boot-starter-jdbc-3.2.2.jar"/>
    <PostResources base="C:/Users/2dawa/.m2/repository/com/zaxxer/HikariCP/5.0.1/HikariCP-5.0.1.jar" className="org.apache.catalina.webresources.FileResourceSet" webAppMount="/WEB-INF/lib/HikariCP-5.0.1.jar"/>
    <PostResources base="C:/Users/2dawa/.m2/repository/org/springframework/spring-jdbc/6.1.3/spring-jdbc-6.1.3.jar" className="org.apache.catalina.webresources.FileResourceSet" webAppMount="/WEB-INF/lib/spring-jdbc-6.1.3.jar"/>
    <PostResources base="C:/Users/2dawa/.m2/repository/org/hibernate/orm/hibernate-core/6.4.1.Final/hibernate-core-6.4.1.Final.jar" className="org.apache.catalina.webresources.FileResourceSet" webAppMount="/WEB-INF/lib/hibernate-core-6.4.1.Final.jar"/>
    <PostResources base="C:/Users/2dawa/.m2/repository/jakarta/transaction/jakarta.transaction-api/2.0.1/jakarta.transaction-api-2.0.1.jar" className="org.apache.catalina.webresources.FileResourceSet" webAppMount="/WEB-INF/lib/jakarta.transaction-api-2.0.1.jar"/>
    <PostResources base="C:/Users/2dawa/.m2/repository/org/jboss/logging/jboss-logging/3.5.3.Final/jboss-logging-3.5.3.Final.jar" className="org.apache.catalina.webresources.FileResourceSet" webAppMount="/WEB-INF/lib/jboss-logging-3.5.3.Final.jar"/>
    <PostResources base="C:/Users/2dawa/.m2/repository/org/hibernate/common/hibernate-commons-annotations/6.0.6.Final/hibernate-commons-annotations-6.0.6.Final.jar" className="org.apache.catalina.webresources.FileResourceSet" webAppMount="/WEB-INF/lib/hibernate-commons-annotations-6.0.6.Final.jar"/>
    <PostResources base="C:/Users/2dawa/.m2/repository/io/smallrye/jandex/3.1.2/jandex-3.1.2.jar" className="org.apache.catalina.webresources.FileResourceSet" webAppMount="/WEB-INF/lib/jandex-3.1.2.jar"/>
    <PostResources base="C:/Users/2dawa/.m2/repository/com/fasterxml/classmate/1.6.0/classmate-1.6.0.jar" className="org.apache.catalina.webresources.FileResourceSet" webAppMount="/WEB-INF/lib/classmate-1.6.0.jar"/>
    <PostResources base="C:/Users/2dawa/.m2/repository/net/bytebuddy/byte-buddy/1.14.11/byte-buddy-1.14.11.jar" className="org.apache.catalina.webresources.FileResourceSet" webAppMount="/WEB-INF/lib/byte-buddy-1.14.11.jar"/>
    <PostResources base="C:/Users/2dawa/.m2/repository/org/glassfish/jaxb/jaxb-runtime/4.0.4/jaxb-runtime-4.0.4.jar" className="org.apache.catalina.webresources.FileResourceSet" webAppMount="/WEB-INF/lib/jaxb-runtime-4.0.4.jar"/>
    <PostResources base="C:/Users/2dawa/.m2/repository/org/glassfish/jaxb/jaxb-core/4.0.4/jaxb-core-4.0.4.jar" className="org.apache.catalina.webresources.FileResourceSet" webAppMount="/WEB-INF/lib/jaxb-core-4.0.4.jar"/>
    <PostResources base="C:/Users/2dawa/.m2/repository/org/eclipse/angus/angus-activation/2.0.1/angus-activation-2.0.1.jar" className="org.apache.catalina.webresources.FileResourceSet" webAppMount="/WEB-INF/lib/angus-activation-2.0.1.jar"/>
    <PostResources base="C:/Users/2dawa/.m2/repository/org/glassfish/jaxb/txw2/4.0.4/txw2-4.0.4.jar" className="org.apache.catalina.webresources.FileResourceSet" webAppMount="/WEB-INF/lib/txw2-4.0.4.jar"/>
    <PostResources base="C:/Users/2dawa/.m2/repository/com/sun/istack/istack-commons-runtime/4.1.2/istack-commons-runtime-4.1.2.jar" className="org.apache.catalina.webresources.FileResourceSet" webAppMount="/WEB-INF/lib/istack-commons-runtime-4.1.2.jar"/>
    <PostResources base="C:/Users/2dawa/.m2/repository/jakarta/inject/jakarta.inject-api/2.0.1/jakarta.inject-api-2.0.1.jar" className="org.apache.catalina.webresources.FileResourceSet" webAppMount="/WEB-INF/lib/jakarta.inject-api-2.0.1.jar"/>
    <PostResources base="C:/Users/2dawa/.m2/repository/org/antlr/antlr4-runtime/4.13.0/antlr4-runtime-4.13.0.jar" className="org.apache.catalina.webresources.FileResourceSet" webAppMount="/WEB-INF/lib/antlr4-runtime-4.13.0.jar"/>
    <PostResources base="C:/Users/2dawa/.m2/repository/org/springframework/data/spring-data-jpa/3.2.2/spring-data-jpa-3.2.2.jar" className="org.apache.catalina.webresources.FileResourceSet" webAppMount="/WEB-INF/lib/spring-data-jpa-3.2.2.jar"/>
    <PostResources base="C:/Users/2dawa/.m2/repository/org/springframework/data/spring-data-commons/3.2.2/spring-data-commons-3.2.2.jar" className="org.apache.catalina.webresources.FileResourceSet" webAppMount="/WEB-INF/lib/spring-data-commons-3.2.2.jar"/>
    <PostResources base="C:/Users/2dawa/.m2/repository/org/springframework/spring-orm/6.1.3/spring-orm-6.1.3.jar" className="org.apache.catalina.webresources.FileResourceSet" webAppMount="/WEB-INF/lib/spring-orm-6.1.3.jar"/>
    <PostResources base="C:/Users/2dawa/.m2/repository/org/springframework/spring-context/6.1.3/spring-context-6.1.3.jar" className="org.apache.catalina.webresources.FileResourceSet" webAppMount="/WEB-INF/lib/spring-context-6.1.3.jar"/>
    <PostResources base="C:/Users/2dawa/.m2/repository/org/springframework/spring-tx/6.1.3/spring-tx-6.1.3.jar" className="org.apache.catalina.webresources.FileResourceSet" webAppMount="/WEB-INF/lib/spring-tx-6.1.3.jar"/>
    <PostResources base="C:/Users/2dawa/.m2/repository/org/springframework/spring-beans/6.1.3/spring-beans-6.1.3.jar" className="org.apache.catalina.webresources.FileResourceSet" webAppMount="/WEB-INF/lib/spring-beans-6.1.3.jar"/>
    <PostResources base="C:/Users/2dawa/.m2/repository/org/slf4j/slf4j-api/2.0.11/slf4j-api-2.0.11.jar" className="org.apache.catalina.webresources.FileResourceSet" webAppMount="/WEB-INF/lib/slf4j-api-2.0.11.jar"/>
    <PostResources base="C:/Users/2dawa/.m2/repository/org/springframework/spring-aspects/6.1.3/spring-aspects-6.1.3.jar" className="org.apache.catalina.webresources.FileResourceSet" webAppMount="/WEB-INF/lib/spring-aspects-6.1.3.jar"/>
    <PostResources base="C:/Users/2dawa/.m2/repository/org/springframework/boot/spring-boot-starter-thymeleaf/3.2.2/spring-boot-starter-thymeleaf-3.2.2.jar" className="org.apache.catalina.webresources.FileResourceSet" webAppMount="/WEB-INF/lib/spring-boot-starter-thymeleaf-3.2.2.jar"/>
    <PostResources base="C:/Users/2dawa/.m2/repository/org/springframework/boot/spring-boot-starter/3.2.2/spring-boot-starter-3.2.2.jar" className="org.apache.catalina.webresources.FileResourceSet" webAppMount="/WEB-INF/lib/spring-boot-starter-3.2.2.jar"/>
    <PostResources base="C:/Users/2dawa/.m2/repository/org/springframework/boot/spring-boot/3.2.2/spring-boot-3.2.2.jar" className="org.apache.catalina.webresources.FileResourceSet" webAppMount="/WEB-INF/lib/spring-boot-3.2.2.jar"/>
    <PostResources base="C:/Users/2dawa/.m2/repository/org/springframework/boot/spring-boot-autoconfigure/3.2.2/spring-boot-autoconfigure-3.2.2.jar" className="org.apache.catalina.webresources.FileResourceSet" webAppMount="/WEB-INF/lib/spring-boot-autoconfigure-3.2.2.jar"/>
    <PostResources base="C:/Users/2dawa/.m2/repository/org/springframework/boot/spring-boot-starter-logging/3.2.2/spring-boot-starter-logging-3.2.2.jar" className="org.apache.catalina.webresources.FileResourceSet" webAppMount="/WEB-INF/lib/spring-boot-starter-logging-3.2.2.jar"/>
    <PostResources base="C:/Users/2dawa/.m2/repository/ch/qos/logback/logback-classic/1.4.14/logback-classic-1.4.14.jar" className="org.apache.catalina.webresources.FileResourceSet" webAppMount="/WEB-INF/lib/logback-classic-1.4.14.jar"/>
    <PostResources base="C:/Users/2dawa/.m2/repository/ch/qos/logback/logback-core/1.4.14/logback-core-1.4.14.jar" className="org.apache.catalina.webresources.FileResourceSet" webAppMount="/WEB-INF/lib/logback-core-1.4.14.jar"/>
    <PostResources base="C:/Users/2dawa/.m2/repository/org/apache/logging/log4j/log4j-to-slf4j/2.21.1/log4j-to-slf4j-2.21.1.jar" className="org.apache.catalina.webresources.FileResourceSet" webAppMount="/WEB-INF/lib/log4j-to-slf4j-2.21.1.jar"/>
    <PostResources base="C:/Users/2dawa/.m2/repository/org/apache/logging/log4j/log4j-api/2.21.1/log4j-api-2.21.1.jar" className="org.apache.catalina.webresources.FileResourceSet" webAppMount="/WEB-INF/lib/log4j-api-2.21.1.jar"/>
    <PostResources base="C:/Users/2dawa/.m2/repository/org/slf4j/jul-to-slf4j/2.0.11/jul-to-slf4j-2.0.11.jar" className="org.apache.catalina.webresources.FileResourceSet" webAppMount="/WEB-INF/lib/jul-to-slf4j-2.0.11.jar"/>
    <PostResources base="C:/Users/2dawa/.m2/repository/org/yaml/snakeyaml/2.2/snakeyaml-2.2.jar" className="org.apache.catalina.webresources.FileResourceSet" webAppMount="/WEB-INF/lib/snakeyaml-2.2.jar"/>
    <PostResources base="C:/Users/2dawa/.m2/repository/org/thymeleaf/thymeleaf-spring6/3.1.2.RELEASE/thymeleaf-spring6-3.1.2.RELEASE.jar" className="org.apache.catalina.webresources.FileResourceSet" webAppMount="/WEB-INF/lib/thymeleaf-spring6-3.1.2.RELEASE.jar"/>
    <PostResources base="C:/Users/2dawa/.m2/repository/org/thymeleaf/thymeleaf/3.1.2.RELEASE/thymeleaf-3.1.2.RELEASE.jar" className="org.apache.catalina.webresources.FileResourceSet" webAppMount="/WEB-INF/lib/thymeleaf-3.1.2.RELEASE.jar"/>
    <PostResources base="C:/Users/2dawa/.m2/repository/org/attoparser/attoparser/2.0.7.RELEASE/attoparser-2.0.7.RELEASE.jar" className="org.apache.catalina.webresources.FileResourceSet" webAppMount="/WEB-INF/lib/attoparser-2.0.7.RELEASE.jar"/>
    <PostResources base="C:/Users/2dawa/.m2/repository/org/unbescape/unbescape/1.1.6.RELEASE/unbescape-1.1.6.RELEASE.jar" className="org.apache.catalina.webresources.FileResourceSet" webAppMount="/WEB-INF/lib/unbescape-1.1.6.RELEASE.jar"/>
    <PostResources base="C:/Users/2dawa/.m2/repository/org/springframework/boot/spring-boot-starter-web/3.2.2/spring-boot-starter-web-3.2.2.jar" className="org.apache.catalina.webresources.FileResourceSet" webAppMount="/WEB-INF/lib/spring-boot-starter-web-3.2.2.jar"/>
    <PostResources base="C:/Users/2dawa/.m2/repository/org/springframework/boot/spring-boot-starter-json/3.2.2/spring-boot-starter-json-3.2.2.jar" className="org.apache.catalina.webresources.FileResourceSet" webAppMount="/WEB-INF/lib/spring-boot-starter-json-3.2.2.jar"/>
    <PostResources base="C:/Users/2dawa/.m2/repository/com/fasterxml/jackson/core/jackson-databind/2.15.3/jackson-databind-2.15.3.jar" className="org.apache.catalina.webresources.FileResourceSet" webAppMount="/WEB-INF/lib/jackson-databind-2.15.3.jar"/>
    <PostResources base="C:/Users/2dawa/.m2/repository/com/fasterxml/jackson/core/jackson-annotations/2.15.3/jackson-annotations-2.15.3.jar" className="org.apache.catalina.webresources.FileResourceSet" webAppMount="/WEB-INF/lib/jackson-annotations-2.15.3.jar"/>
    <PostResources base="C:/Users/2dawa/.m2/repository/com/fasterxml/jackson/core/jackson-core/2.15.3/jackson-core-2.15.3.jar" className="org.apache.catalina.webresources.FileResourceSet" webAppMount="/WEB-INF/lib/jackson-core-2.15.3.jar"/>
    <PostResources base="C:/Users/2dawa/.m2/repository/com/fasterxml/jackson/datatype/jackson-datatype-jdk8/2.15.3/jackson-datatype-jdk8-2.15.3.jar" className="org.apache.catalina.webresources.FileResourceSet" webAppMount="/WEB-INF/lib/jackson-datatype-jdk8-2.15.3.jar"/>
    <PostResources base="C:/Users/2dawa/.m2/repository/com/fasterxml/jackson/datatype/jackson-datatype-jsr310/2.15.3/jackson-datatype-jsr310-2.15.3.jar" className="org.apache.catalina.webresources.FileResourceSet" webAppMount="/WEB-INF/lib/jackson-datatype-jsr310-2.15.3.jar"/>
    <PostResources base="C:/Users/2dawa/.m2/repository/com/fasterxml/jackson/module/jackson-module-parameter-names/2.15.3/jackson-module-parameter-names-2.15.3.jar" className="org.apache.catalina.webresources.FileResourceSet" webAppMount="/WEB-INF/lib/jackson-module-parameter-names-2.15.3.jar"/>
    <PostResources base="C:/Users/2dawa/.m2/repository/org/springframework/spring-web/6.1.3/spring-web-6.1.3.jar" className="org.apache.catalina.webresources.FileResourceSet" webAppMount="/WEB-INF/lib/spring-web-6.1.3.jar"/>
    <PostResources base="C:/Users/2dawa/.m2/repository/io/micrometer/micrometer-observation/1.12.2/micrometer-observation-1.12.2.jar" className="org.apache.catalina.webresources.FileResourceSet" webAppMount="/WEB-INF/lib/micrometer-observation-1.12.2.jar"/>
    <PostResources base="C:/Users/2dawa/.m2/repository/io/micrometer/micrometer-commons/1.12.2/micrometer-commons-1.12.2.jar" className="org.apache.catalina.webresources.FileResourceSet" webAppMount="/WEB-INF/lib/micrometer-commons-1.12.2.jar"/>
    <PostResources base="C:/Users/2dawa/.m2/repository/org/springframework/spring-webmvc/6.1.3/spring-webmvc-6.1.3.jar" className="org.apache.catalina.webresources.FileResourceSet" webAppMount="/WEB-INF/lib/spring-webmvc-6.1.3.jar"/>
    <PostResources base="C:/Users/2dawa/.m2/repository/org/springframework/spring-expression/6.1.3/spring-expression-6.1.3.jar" className="org.apache.catalina.webresources.FileResourceSet" webAppMount="/WEB-INF/lib/spring-expression-6.1.3.jar"/>
    <PostResources base="C:/Users/2dawa/.m2/repository/jakarta/annotation/jakarta.annotation-api/2.1.1/jakarta.annotation-api-2.1.1.jar" className="org.apache.catalina.webresources.FileResourceSet" webAppMount="/WEB-INF/lib/jakarta.annotation-api-2.1.1.jar"/>
    <PostResources base="C:/Users/2dawa/.m2/repository/jakarta/xml/bind/jakarta.xml.bind-api/4.0.1/jakarta.xml.bind-api-4.0.1.jar" className="org.apache.catalina.webresources.FileResourceSet" webAppMount="/WEB-INF/lib/jakarta.xml.bind-api-4.0.1.jar"/>
    <PostResources base="C:/Users/2dawa/.m2/repository/jakarta/activation/jakarta.activation-api/2.1.2/jakarta.activation-api-2.1.2.jar" className="org.apache.catalina.webresources.FileResourceSet" webAppMount="/WEB-INF/lib/jakarta.activation-api-2.1.2.jar"/>
    <PostResources base="C:/Users/2dawa/.m2/repository/org/springframework/spring-core/6.1.3/spring-core-6.1.3.jar" className="org.apache.catalina.webresources.FileResourceSet" webAppMount="/WEB-INF/lib/spring-core-6.1.3.jar"/>
    <PostResources base="C:/Users/2dawa/.m2/repository/org/springframework/spring-jcl/6.1.3/spring-jcl-6.1.3.jar" className="org.apache.catalina.webresources.FileResourceSet" webAppMount="/WEB-INF/lib/spring-jcl-6.1.3.jar"/>
    <PostResources base="C:/Users/2dawa/.m2/repository/com/mysql/mysql-connector-j/8.3.0/mysql-connector-j-8.3.0.jar" className="org.apache.catalina.webresources.FileResourceSet" webAppMount="/WEB-INF/lib/mysql-connector-j-8.3.0.jar"/>
    <PostResources base="C:/Users/2dawa/.m2/repository/jakarta/persistence/jakarta.persistence-api/3.1.0/jakarta.persistence-api-3.1.0.jar" className="org.apache.catalina.webresources.FileResourceSet" webAppMount="/WEB-INF/lib/jakarta.persistence-api-3.1.0.jar"/>
    <PostResources base="C:/Users/2dawa/.m2/repository/jakarta/validation/jakarta.validation-api/3.0.0/jakarta.validation-api-3.0.0.jar" className="org.apache.catalina.webresources.FileResourceSet" webAppMount="/WEB-INF/lib/jakarta.validation-api-3.0.0.jar"/>
  </Resources>
</Context>
